{"Training score": 0.9744652501794241, "MAE": 2731.1531191520676, "RMSE": 4657.459712614378, "Test R2_score": 0.8563849784362885}